raceId,constructorId,mean_pit_stop,total_stops
841,1,21.855,5
841,3,26.175,4
841,4,24.578,4
841,5,25.23,5
841,6,24.1,6
841,9,23.763,5
841,10,24.761,4
841,15,23.898,3
841,131,24.242,3
841,166,25.166,3
841,205,24.871,3
842,1,22.909,7
842,3,28.74,2
842,4,24.046,6
842,5,25.407,5
842,6,24.671,7
842,9,22.288,7
842,10,24.243,6
842,15,23.44,3
842,131,22.856,6
842,164,31.064,3
842,166,24.928,4
842,205,25.979,3
843,1,21.292,6
843,3,23.206,5
843,4,22.006,4
843,5,22.77,4
843,6,21.642,4
843,9,21.839,5
843,10,22.792,5
843,15,21.901,6
843,131,21.23,6
843,164,22.044,4
843,166,24.824,5
843,205,22.416,4
844,1,23.58,7
844,3,21.351,7
844,4,21.652,8
844,5,22.055,7
844,6,22.453,8
844,9,20.751,8
844,10,21.105,7
844,15,23.425,7
844,131,22.103,8
844,164,32.395,7
844,166,23.808,2
844,205,22.625,6
845,1,20.335,7
845,3,22.951,8
845,4,21.983,6
845,5,21.737,7
845,6,20.968,7
845,9,20.26,8
845,10,20.84,6
845,15,22.177,6
845,131,20.266,6
845,164,24.186,4
845,166,22.235,6
845,205,21.997,6
846,1,25.69,6
846,3,25.938,4
846,4,26.996,3
846,5,26.144,4
846,6,27.783,3
846,9,30.847,3
846,10,28.894,5
846,15,28.642,1
846,131,27.675,4
846,164,32.18,3
846,166,26.956,3
846,205,26.004,4
847,1,23.511,6
847,3,24.847,9
847,4,23.61,4
847,5,24.768,7
847,6,24.986,7
847,9,24.012,6
847,10,22.846,8
847,15,25.658,4
847,131,23.237,8
847,164,30.806,5
847,166,24.864,7
847,205,36.048,4
848,1,20.565,6
848,3,21.384,6
848,4,21.708,6
848,5,21.054,5
848,6,21.47,6
848,9,20.488,6
848,10,20.742,6
848,15,21.992,3
848,131,23.088,6
848,164,24.704,6
848,166,22.031,4
848,205,22.491,5
849,1,24.192,6
849,3,24.839,5
849,4,24.55,4
849,5,24.928,4
849,6,24.223,6
849,9,25.46,6
849,10,30.071,6
849,15,27.751,4
849,131,27.153,5
849,164,26.24,4
849,166,26.136,4
850,1,20.708,4
850,3,21.329,2
850,4,21.01,2
850,5,22.752,4
850,6,20.479,6
850,9,20.474,6
850,10,21.982,4
850,15,22.76,4
850,131,20.394,6
850,164,22.807,3
850,166,21.964,4
850,205,23.986,5
851,1,20.233,9
851,3,22.642,10
851,4,23.249,6
851,5,21.967,6
851,6,21.65,8
851,9,20.541,8
851,10,21.398,7
851,15,20.677,7
851,131,21.089,6
851,164,23.437,8
851,166,26.048,7
851,205,22.184,6
852,1,22.834,4
852,3,26.955,5
852,4,21.779,5
852,6,21.569,5
852,9,21.011,5
852,10,21.61,4
852,15,21.899,5
852,131,21.192,5
852,164,25.502,3
852,166,23.331,6
852,205,23.299,5
853,1,21.928,4
853,3,24.562,4
853,4,22.651,3
853,5,23.147,4
853,6,22.124,4
853,9,21.751,2
853,10,22.47,2
853,15,25.245,2
853,131,22.362,2
853,164,517.747,2
853,166,23.966,2
853,205,24.93,4
854,1,29.865,8
854,3,30.51,5
854,4,32.284,7
854,5,30.674,6
854,6,30.726,7
854,9,30.618,6
854,10,31.151,4
854,15,30.301,6
854,131,29.662,5
854,164,36.153,7
854,166,31.678,2
854,205,31.76,6
855,1,21.335,6
855,3,21.697,6
855,4,22.632,4
855,5,22.075,3
855,6,21.137,6
855,9,21.72,6
855,10,21.695,6
855,15,23.17,4
855,131,21.028,6
855,164,24.233,6
855,166,23.284,6
855,205,21.915,6
856,1,20.738,4
856,3,20.331,5
856,4,21.511,3
856,5,22.179,4
856,6,21.585,4
856,9,20.446,4
856,10,22.468,4
856,15,22.209,6
856,131,20.367,3
856,164,23.465,5
856,166,23.583,4
856,205,22.478,4
857,1,22.965,5
857,3,27.994,2
857,4,23.381,4
857,5,22.84,3
857,6,21.603,5
857,9,21.374,4
857,10,22.012,5
857,15,23.732,2
857,131,21.626,4
857,164,28.746,5
857,166,24.179,3
857,205,26.401,5
858,1,20.0,4
858,3,19.463,4
858,4,18.975,5
858,5,32.468,2
858,6,20.508,4
858,9,21.569,3
858,10,20.395,3
858,15,21.894,4
858,131,19.998,4
858,164,22.044,3
858,166,21.176,2
858,205,20.853,4
859,1,21.134,6
859,3,21.832,4
859,4,21.057,7
859,5,22.376,4
859,6,20.988,5
859,9,21.033,6
859,10,21.129,5
859,15,22.476,4
859,131,21.813,5
859,164,23.01,4
859,166,22.618,3
859,205,22.103,5
860,1,23.109,4
860,3,25.171,5
860,5,25.339,5
860,6,22.178,5
860,9,23.651,4
860,10,24.756,2
860,15,24.463,3
860,131,23.11,2
860,206,28.549,5
860,207,25.611,4
860,208,24.096,2
861,1,26.538,8
861,3,25.077,8
861,5,23.971,6
861,6,24.081,7
861,9,24.671,7
861,10,23.297,6
861,15,25.462,6
861,131,24.024,7
861,164,29.526,5
861,206,29.038,6
861,207,28.586,7
861,208,25.857,3
862,1,21.571,6
862,3,21.326,4
862,5,22.638,5
862,6,20.151,5
862,9,20.783,5
862,10,23.707,4
862,15,21.986,5
862,131,21.168,3
862,164,23.803,4
862,206,20.542,5
862,207,25.385,5
862,208,22.486,4
863,1,24.929,7
863,3,22.742,5
863,5,23.163,6
863,6,22.701,6
863,9,22.187,6
863,10,22.394,5
863,15,23.797,6
863,131,22.216,6
863,164,24.859,7
863,206,25.006,4
863,207,23.597,7
863,208,22.713,6
864,1,20.645,5
864,3,21.222,3
864,5,20.794,6
864,6,19.332,7
864,9,20.566,7
864,10,20.521,6
864,15,22.567,6
864,131,20.218,4
864,164,21.909,6
864,206,20.985,5
864,207,22.479,6
864,208,20.604,6
865,1,25.484,2
865,3,26.41,1
865,5,25.852,3
865,6,25.106,2
865,9,25.322,2
865,10,26.044,2
865,15,24.578,3
865,131,24.996,2
865,164,27.14,2
865,206,29.752,3
865,207,32.25,3
865,208,26.38,1
866,1,21.772,5
866,3,22.742,2
866,5,20.666,5
866,6,21.125,3
866,9,21.63,4
866,10,22.867,4
866,15,21.43,2
866,131,21.683,4
866,206,24.406,2
866,207,21.682,4
866,208,21.682,2
867,1,22.58,4
867,3,21.492,4
867,5,21.703,3
867,6,23.441,6
867,9,20.212,4
867,10,20.608,3
867,15,22.682,4
867,131,20.314,4
867,164,22.066,5
867,206,27.237,2
867,207,23.274,6
867,208,21.661,4
868,1,24.85,4
868,3,27.813,4
868,5,25.982,4
868,6,25.201,4
868,9,25.545,4
868,10,28.098,3
868,15,30.415,3
868,131,27.552,4
868,164,28.522,3
868,206,25.971,4
868,207,26.315,2
868,208,27.76,4
869,1,18.437,5
869,3,23.67,6
869,5,18.728,5
869,6,19.476,5
869,9,17.728,4
869,10,18.192,5
869,15,18.606,4
869,131,18.27,6
869,164,19.858,4
869,206,19.391,4
869,207,20.412,7
869,208,22.327,5
870,1,19.668,5
870,3,18.816,5
870,5,19.947,7
870,6,19.733,4
870,9,19.308,6
870,10,20.539,4
870,15,20.209,4
870,131,19.204,5
870,164,21.875,4
870,206,21.003,4
870,207,20.896,6
870,208,20.56,4
871,1,19.668,1
871,3,21.854,3
871,5,20.771,4
871,6,20.678,2
871,9,20.701,3
871,10,21.341,4
871,15,23.674,3
871,131,21.024,4
871,164,24.535,5
871,206,21.578,3
871,207,30.322,4
871,208,20.336,2
872,1,22.056,2
872,3,22.59,3
872,5,21.72,1
872,6,21.838,2
872,9,19.622,3
872,10,22.468,2
872,15,22.673,2
872,131,22.189,4
872,164,27.617,2
872,206,24.353,4
872,207,22.41,4
872,208,21.846,2
873,1,29.602,3
873,3,30.597,6
873,5,30.294,4
873,6,29.913,5
873,9,29.648,5
873,10,31.326,5
873,15,31.588,5
873,131,30.112,4
873,164,35.551,4
873,206,31.118,4
873,207,32.688,7
873,208,30.718,4
874,1,20.568,4
874,3,21.207,6
874,5,21.855,4
874,6,20.857,2
874,9,23.502,4
874,10,21.276,4
874,15,20.939,3
874,131,20.511,2
874,164,24.0,3
874,206,26.508,4
874,207,20.496,5
874,208,25.078,5
875,1,19.954,3
875,3,21.945,3
875,5,20.752,4
875,6,20.37,4
875,9,19.764,4
875,10,21.032,4
875,15,23.041,4
875,131,20.182,2
875,164,22.749,1
875,206,21.537,4
875,207,21.811,4
875,208,20.96,4
876,1,21.181,2
876,3,24.034,3
876,5,23.131,3
876,6,20.95,2
876,9,20.758,2
876,10,22.801,2
876,15,22.857,3
876,131,22.616,3
876,164,24.187,2
876,206,24.998,2
876,207,22.706,2
876,208,21.19,2
877,1,19.455,1
877,3,21.655,2
877,5,20.389,4
877,6,19.476,2
877,9,21.315,3
877,10,22.255,3
877,15,24.826,4
877,131,23.416,3
877,164,22.272,1
877,206,20.912,2
877,207,21.9,2
877,208,22.451,3
878,1,21.13,2
878,3,22.242,2
878,5,22.651,1
878,6,22.98,2
878,9,20.904,1
878,10,22.347,3
878,15,23.079,2
878,131,21.635,3
878,164,24.648,2
878,206,22.736,2
878,207,22.738,2
878,208,23.015,2
879,1,22.256,4
879,5,22.451,9
879,6,22.34,6
879,9,22.652,7
879,10,21.636,6
879,15,28.114,3
879,131,24.174,8
879,164,25.9,8
879,206,23.33,7
879,207,25.31,8
879,208,25.527,3
880,1,22.463,6
880,3,23.476,4
880,5,23.707,5
880,6,21.646,6
880,9,22.263,6
880,10,22.876,4
880,15,22.316,2
880,131,22.056,4
880,206,26.629,6
880,207,23.752,5
880,208,22.359,5
881,1,33.356,7
881,3,25.99,6
881,5,26.561,6
881,6,21.642,4
881,9,21.014,8
881,10,73.518,4
881,15,22.804,8
881,131,21.955,8
881,206,24.009,8
881,207,26.31,8
881,208,22.798,6
882,1,19.996,4
882,3,21.436,6
882,5,21.256,6
882,6,20.247,6
882,9,21.568,5
882,10,20.25,3
882,15,21.041,3
882,131,20.914,6
882,206,22.977,6
882,207,21.243,6
882,208,20.409,6
883,1,21.695,7
883,3,23.739,6
883,5,27.166,4
883,6,22.44,8
883,9,21.484,6
883,10,23.105,5
883,15,23.093,7
883,131,21.591,7
883,206,23.73,8
883,207,23.506,8
883,208,22.441,5
884,1,19.569,7
884,3,19.843,8
884,5,21.849,8
884,6,19.255,8
884,9,19.06,8
884,10,27.07,8
884,15,21.654,10
884,131,20.015,7
884,206,22.657,7
884,207,21.304,5
884,208,19.968,3
885,1,24.629,2
885,3,31.905,3
885,5,25.026,2
885,6,24.91,2
885,9,24.346,2
885,10,25.458,2
885,15,25.421,3
885,131,25.0,2
885,206,24.28,5
885,207,28.879,3
885,208,28.522,4
886,1,20.481,3
886,3,21.46,5
886,5,21.294,4
886,6,20.498,4
886,9,21.29,4
886,10,19.836,4
886,15,21.544,4
886,131,20.99,5
886,206,21.376,2
886,207,23.691,6
886,208,22.538,3
887,1,24.682,4
887,3,28.15,4
887,5,27.852,4
887,6,26.22,7
887,9,25.791,5
887,10,26.694,5
887,15,27.028,7
887,131,25.796,5
887,206,25.847,4
887,207,26.256,5
887,208,24.961,5
888,1,20.342,4
888,3,34.004,4
888,5,20.785,4
888,6,19.738,3
888,9,43.348,6
888,10,20.789,5
888,15,20.499,6
888,131,19.951,6
888,206,20.648,6
888,207,21.749,6
888,208,19.861,6
890,1,22.412,4
890,3,22.683,5
890,5,22.962,5
890,6,21.996,6
890,9,21.834,6
890,10,22.835,3
890,15,20.962,4
890,131,21.988,6
890,206,22.548,6
890,207,22.666,5
890,208,21.172,6
891,1,21.439,4
891,3,28.026,5
891,5,23.656,4
891,6,22.645,4
891,9,23.012,4
891,10,23.499,4
891,15,22.092,5
891,131,23.174,4
891,206,22.68,5
891,207,24.483,2
891,208,23.594,2
892,1,25.191,2
892,3,25.031,2
892,5,24.319,1
892,6,24.45,2
892,9,24.255,2
892,10,26.873,1
892,15,25.15,2
892,131,24.285,3
892,206,25.844,2
892,207,27.858,4
892,208,27.593,3
893,1,29.368,4
893,3,31.167,6
893,5,30.636,4
893,6,29.272,5
893,9,28.915,4
893,10,30.104,5
893,15,30.308,4
893,131,29.486,4
893,206,30.345,7
893,207,32.233,6
893,208,39.097,5
894,1,28.672,4
894,3,23.816,4
894,5,23.885,5
894,6,22.472,4
894,9,22.878,5
894,10,31.846,6
894,15,23.568,4
894,131,27.591,4
894,206,24.243,4
894,207,22.947,5
894,208,22.862,4
895,1,25.424,6
895,3,23.658,4
895,5,23.561,6
895,6,21.825,5
895,9,23.055,5
895,10,23.655,4
895,15,23.571,4
895,131,22.247,5
895,206,24.01,2
895,207,22.232,3
895,208,23.243,4
896,1,24.099,5
896,3,26.342,4
896,5,24.61,4
896,6,24.874,5
896,9,23.628,4
896,10,23.859,3
896,15,24.414,6
896,131,23.675,4
896,206,27.13,4
896,207,28.026,2
896,208,24.926,3
897,1,22.891,4
897,3,24.084,4
897,5,22.67,4
897,6,21.696,4
897,9,21.665,4
897,10,22.159,2
897,15,21.226,5
897,131,21.567,4
897,206,23.483,4
897,207,22.906,4
897,208,21.956,2
898,1,24.198,2
898,3,28.904,2
898,5,24.304,2
898,6,23.956,3
898,9,23.812,2
898,10,24.679,2
898,15,24.639,3
898,131,23.855,2
898,206,23.078,3
898,207,23.843,3
898,208,28.511,3
899,1,22.88,4
899,3,24.549,4
899,5,23.43,5
899,6,21.57,5
899,9,26.785,4
899,10,23.342,5
899,15,23.53,4
899,131,22.109,5
899,206,23.958,5
899,207,23.069,4
899,208,22.832,2
900,1,22.558,4
900,3,29.019,2
900,5,25.134,4
900,6,23.058,4
900,9,22.71,2
900,10,23.222,5
900,15,26.92,3
900,131,24.002,2
900,206,23.545,4
900,207,23.238,1
900,208,20.789,3
901,1,27.764,6
901,3,24.704,6
901,5,30.02,5
901,6,24.732,6
901,9,37.792,8
901,10,25.112,2
901,15,26.809,4
901,131,24.841,6
901,206,33.878,4
901,207,27.243,5
901,208,25.459,3
902,1,24.893,5
902,3,25.181,6
902,5,27.308,5
902,6,24.953,6
902,9,25.168,4
902,10,24.658,4
902,15,29.304,4
902,131,24.898,4
902,206,25.599,8
902,207,26.234,4
902,208,27.839,7
903,1,22.801,4
903,3,37.632,4
903,5,23.921,4
903,6,23.002,4
903,9,22.625,4
903,10,23.188,4
903,15,22.991,3
903,131,23.333,4
903,206,24.13,5
903,207,24.397,6
903,208,23.415,3
904,1,22.47,4
904,3,22.62,5
904,5,22.876,4
904,6,22.086,5
904,9,21.796,5
904,10,22.432,4
904,15,24.452,5
904,131,22.776,4
904,206,23.33,5
904,207,24.184,3
904,208,23.52,4
905,1,27.468,2
905,3,24.929,2
905,5,22.414,2
905,6,27.34,4
905,9,46.324,2
905,10,25.714,1
905,15,29.556,2
905,131,26.09,2
905,206,32.305,4
905,207,26.053,4
905,208,25.67,2
906,1,23.982,4
906,3,24.975,4
906,5,24.835,4
906,6,23.967,4
906,9,23.531,4
906,10,23.904,2
906,15,24.262,5
906,131,24.239,4
906,208,23.9,2
907,1,21.575,4
907,3,21.833,4
907,5,22.171,3
907,6,21.51,4
907,9,23.522,4
907,10,22.474,4
907,15,30.446,5
907,131,21.98,4
907,206,23.714,2
907,207,23.612,3
907,208,23.013,4
908,1,28.695,2
908,3,29.104,1
908,5,29.164,3
908,6,34.41,1
908,9,28.609,3
908,10,29.589,2
908,15,29.956,1
908,131,29.1,3
908,206,27.748,3
908,207,29.524,2
908,208,29.27,2
909,1,20.86,6
909,3,20.16,2
909,5,21.596,5
909,6,19.476,6
909,9,19.137,6
909,10,20.131,5
909,15,20.696,6
909,131,19.962,5
909,206,21.208,5
909,207,21.396,6
909,208,19.051,3
910,1,23.423,5
910,3,22.974,6
910,5,23.139,4
910,6,22.314,4
910,9,22.399,5
910,10,24.788,2
910,15,26.169,3
910,131,23.171,5
910,206,24.096,5
910,207,34.086,1
910,208,25.195,4
911,1,22.729,4
911,3,23.439,5
911,5,23.823,4
911,6,24.393,4
911,9,22.862,5
911,10,23.686,4
911,15,23.485,5
911,131,24.955,6
911,206,24.472,4
911,207,24.148,2
911,208,25.554,3
912,1,24.441,2
912,3,24.657,2
912,5,24.848,2
912,6,24.73,2
912,9,24.782,2
912,10,25.242,2
912,15,26.446,4
912,131,24.518,2
912,206,26.641,1
912,207,26.981,2
912,208,24.66,2
913,1,28.7,5
913,3,29.451,4
913,5,31.099,6
913,6,29.296,6
913,9,29.438,4
913,10,30.553,7
913,15,30.996,4
913,131,29.915,3
913,206,31.442,6
913,207,30.254,2
913,208,29.448,7
914,1,272.845,9
914,3,395.402,6
914,5,342.319,7
914,6,396.488,6
914,9,394.583,6
914,10,302.568,8
914,15,342.289,7
914,131,394.99,6
914,206,395.138,6
914,207,270.536,9
914,208,270.183,9
915,1,29.865,2
915,3,30.184,3
915,5,30.726,3
915,6,32.604,2
915,9,30.181,2
915,10,29.986,2
915,15,30.518,2
915,131,32.162,2
915,206,31.374,1
915,207,30.89,2
915,208,30.108,2
916,1,25.432,4
916,3,24.594,4
916,5,26.087,5
916,6,24.193,5
916,9,24.046,6
916,10,33.427,1
916,15,26.977,3
916,131,24.39,4
916,208,25.673,4
917,1,23.4,6
917,3,27.544,6
917,5,24.384,6
917,6,24.17,5
917,9,23.152,5
917,10,24.47,6
917,15,24.994,6
917,131,23.461,6
917,208,23.586,6
918,1,22.095,4
918,3,21.942,4
918,5,23.049,4
918,6,21.86,4
918,9,22.008,4
918,10,23.361,4
918,15,22.679,5
918,131,22.399,4
918,207,23.634,4
918,208,20.348,4
926,1,23.353,1
926,3,22.062,1
926,5,39.66,2
926,6,24.188,3
926,9,22.535,1
926,10,23.253,3
926,15,22.805,4
926,131,22.2,2
927,1,27.419,4
927,3,26.196,6
927,5,26.046,5
927,6,25.154,5
927,9,26.517,6
927,10,29.454,5
927,15,27.548,4
927,131,26.244,6
927,208,28.995,6
927,209,27.915,3
928,1,23.448,4
928,3,23.282,4
928,5,23.683,4
928,6,22.551,4
928,9,22.766,2
928,10,23.104,3
928,15,23.894,4
928,131,22.548,4
928,208,22.061,5
928,209,24.553,4
929,1,25.124,2
929,3,24.957,4
929,5,31.451,4
929,6,26.44,5
929,9,25.195,4
929,10,25.434,5
929,15,29.803,6
929,131,25.262,4
929,208,42.425,5
929,209,26.497,4
930,1,23.428,4
930,3,22.181,5
930,5,23.01,4
930,6,22.002,4
930,9,23.066,4
930,10,22.526,5
930,15,23.502,4
930,131,22.72,5
930,208,27.315,5
930,209,23.738,6
931,1,26.689,3
931,3,28.27,5
931,5,34.621,3
931,6,24.514,2
931,9,24.621,3
931,10,27.346,4
931,15,25.68,5
931,131,24.822,3
931,208,25.077,1
931,209,28.08,2
932,1,22.328,3
932,3,24.726,2
932,5,30.191,2
932,6,24.848,4
932,9,23.839,2
932,10,23.48,2
932,15,24.472,2
932,131,23.514,2
932,208,23.976,2
932,209,28.896,2
933,1,26.416,2
933,3,22.612,2
933,5,24.811,2
933,6,31.882,1
933,9,26.151,3
933,10,24.187,2
933,15,22.924,4
933,131,21.818,2
933,208,21.932,2
933,209,23.926,1
934,1,44.158,3
934,3,30.509,4
934,5,29.393,1
934,6,29.634,5
934,9,33.508,4
934,10,30.827,4
934,15,30.122,4
934,131,29.046,4
934,209,39.546,4
936,1,19.757,9
936,3,21.385,10
936,5,20.376,9
936,6,23.977,9
936,9,21.151,10
936,10,22.998,7
936,15,20.821,10
936,131,20.951,11
936,208,20.664,11
936,209,21.291,10
937,1,24.044,6
937,3,22.218,5
937,5,23.525,5
937,6,22.801,3
937,9,22.665,3
937,10,23.24,2
937,15,23.648,4
937,131,22.78,4
937,208,23.605,2
937,209,23.8,4
938,1,22.671,3
938,3,25.372,2
938,5,24.834,5
938,6,24.391,2
938,9,24.072,2
938,10,24.284,2
938,15,25.295,3
938,131,24.512,2
938,209,27.908,2
939,1,41.87,4
939,3,28.84,5
939,5,31.33,5
939,6,29.791,4
939,9,30.702,4
939,10,30.092,3
939,15,29.688,5
939,131,29.789,3
939,208,29.889,5
939,209,32.865,4
940,1,23.638,4
940,3,26.54,5
940,5,28.704,4
940,6,23.126,4
940,9,23.838,5
940,10,26.102,6
940,15,23.934,4
940,131,23.058,4
940,208,24.109,4
940,209,27.103,5
941,1,29.629,2
941,3,30.528,2
941,5,32.621,3
941,6,29.376,2
941,9,30.075,2
941,10,30.545,1
941,15,30.362,1
941,131,30.216,1
941,208,42.198,2
941,209,32.631,3
942,1,26.477,6
942,3,30.506,3
942,5,29.422,5
942,6,26.807,5
942,9,25.318,5
942,10,26.473,4
942,15,29.138,7
942,131,24.581,4
942,208,26.74,5
942,209,30.027,3
943,1,23.187,2
943,3,23.013,4
943,5,23.109,5
943,6,25.113,2
943,9,22.497,4
943,10,23.653,3
943,15,23.328,6
943,131,22.332,4
943,208,24.105,4
943,209,26.28,4
944,1,23.486,6
944,3,23.973,5
944,5,24.132,3
944,6,23.947,5
944,9,24.095,5
944,10,23.881,5
944,15,25.794,5
944,131,23.636,6
944,208,25.283,5
944,209,26.21,4
945,1,25.296,6
945,3,25.652,5
945,5,22.898,5
945,6,22.8,4
945,9,21.892,4
945,10,22.064,4
945,15,23.667,5
945,131,21.489,4
945,208,22.218,2
945,209,23.36,3
948,1,287.679,4
948,3,555.43,4
948,4,421.562,5
948,5,379.253,6
948,6,449.414,5
948,9,378.016,3
948,10,555.838,4
948,15,446.241,5
948,131,555.715,4
948,209,288.866,4
948,210,1089.417,1
949,1,24.867,3
949,3,23.75,5
949,4,25.2,3
949,5,27.982,5
949,6,25.066,3
949,9,24.893,6
949,10,26.872,7
949,15,25.507,5
949,131,25.331,6
949,209,26.204,6
949,210,28.686,4
950,1,23.082,5
950,3,22.706,5
950,4,23.212,6
950,5,24.96,6
950,6,25.334,6
950,9,23.109,6
950,10,24.566,7
950,15,26.693,5
950,131,24.074,7
950,209,24.589,6
950,210,28.531,7
951,1,30.166,2
951,3,29.819,3
951,4,30.695,2
951,5,30.679,2
951,6,30.498,1
951,9,39.789,4
951,10,31.6,2
951,15,30.407,3
951,131,29.855,2
951,209,44.292,2
951,210,32.209,3
952,1,22.413,4
952,3,22.016,5
952,4,22.762,5
952,5,22.818,5
952,6,22.028,5
952,9,22.229,6
952,10,22.258,3
952,15,22.985,5
952,209,25.97,4
952,210,25.3,5
953,1,25.891,4
953,3,25.526,5
953,4,30.378,4
953,5,39.215,5
953,6,25.338,2
953,9,27.861,4
953,10,25.9,4
953,15,31.344,6
953,131,26.898,3
953,209,27.326,4
953,210,28.013,4
954,1,27.952,1
954,3,22.554,2
954,4,23.162,1
954,5,23.397,4
954,6,22.76,4
954,9,23.346,4
954,10,23.325,4
954,15,23.463,4
954,131,22.479,3
954,209,26.025,4
954,210,25.238,5
955,1,20.44,4
955,3,19.678,3
955,4,20.766,3
955,5,22.62,3
955,6,20.508,2
955,9,20.64,4
955,10,20.48,2
955,15,20.756,4
955,131,20.083,2
955,209,29.796,2
955,210,23.87,4
956,1,20.241,8
956,3,20.012,8
956,4,20.774,8
956,5,24.901,3
956,6,20.526,3
956,9,19.827,7
956,10,20.564,9
956,15,20.592,7
956,131,19.979,8
956,209,20.67,8
956,210,19.976,7
957,1,29.958,5
957,3,29.416,5
957,4,35.904,6
957,5,30.331,4
957,6,30.146,4
957,9,30.359,4
957,10,29.751,4
957,15,50.374,4
957,131,29.545,4
957,209,30.648,3
957,210,33.476,4
958,1,21.086,5
958,3,21.817,4
958,4,21.9,4
958,5,23.858,4
958,6,21.746,4
958,9,22.081,4
958,10,24.498,4
958,15,23.224,5
958,131,21.7,4
958,209,23.502,3
958,210,22.52,4
959,1,19.274,6
959,3,23.241,4
959,4,20.781,5
959,5,20.796,6
959,6,19.794,6
959,9,18.967,6
959,10,19.416,6
959,15,21.806,5
959,131,20.437,6
959,209,22.086,6
959,210,19.897,4
960,1,510.343,2
960,3,348.083,6
960,4,267.211,4
960,5,349.063,3
960,6,302.862,7
960,9,349.445,6
960,10,348.794,6
960,15,352.609,3
960,131,413.2,5
960,209,351.302,3
960,210,348.641,6
961,1,25.093,5
961,3,23.956,4
961,4,27.179,3
961,5,24.797,4
961,6,24.725,4
961,9,23.954,4
961,10,24.292,4
961,15,224.995,4
961,131,24.592,2
961,209,25.751,2
961,210,25.335,3
962,1,30.878,6
962,3,33.476,8
962,4,27.865,6
962,5,28.372,7
962,6,27.809,7
962,9,28.094,8
962,10,30.782,2
962,15,28.554,7
962,131,28.029,7
962,209,41.003,7
962,210,28.995,3
963,1,24.512,5
963,3,23.89,4
963,4,27.304,2
963,5,26.068,5
963,6,24.602,3
963,9,24.934,5
963,10,25.357,5
963,15,24.892,3
963,131,23.894,4
963,209,27.177,5
963,210,26.867,3
964,1,23.384,4
964,3,23.735,2
964,4,23.262,2
964,5,22.964,4
964,6,23.03,4
964,9,23.625,4
964,10,23.028,4
964,15,24.571,2
964,131,22.886,4
964,209,24.83,4
964,210,24.268,4
965,1,24.558,4
965,3,24.756,5
965,4,24.23,5
965,5,28.965,3
965,6,24.27,6
965,9,26.773,4
965,10,23.908,2
965,15,24.736,2
965,131,23.713,4
965,209,25.731,5
965,210,25.016,3
966,1,23.357,3
966,3,22.13,2
966,4,22.851,3
966,5,22.759,3
966,6,22.469,3
966,9,22.102,3
966,10,22.174,2
966,15,28.074,2
966,131,21.853,2
966,209,23.866,1
966,210,23.736,4
967,1,885.804,8
967,3,887.13,8
967,4,598.684,6
967,5,1173.108,6
967,6,1174.847,3
967,9,713.583,10
967,10,1401.756,5
967,15,1172.272,3
967,131,1745.945,4
967,209,1402.619,5
967,210,884.643,4
968,1,22.338,2
968,3,21.657,2
968,4,24.146,4
968,5,21.864,3
968,6,21.907,4
968,9,21.691,3
968,10,21.659,4
968,15,25.399,3
968,131,22.232,4
968,209,25.851,4
968,210,22.375,4
969,1,31.023,2
969,3,22.08,3
969,4,23.144,2
969,5,23.782,3
969,6,22.01,2
969,9,22.208,1
969,10,22.1,2
969,15,28.591,1
969,131,21.574,2
969,210,26.762,2
970,1,19.152,8
970,3,20.186,6
970,4,21.292,9
970,5,18.859,8
970,6,19.968,9
970,9,20.198,8
970,10,21.076,11
970,15,21.881,5
970,131,21.536,8
970,210,21.176,10
971,1,24.822,2
971,3,24.953,3
971,4,26.414,4
971,5,25.15,3
971,6,25.326,4
971,9,25.229,3
971,10,24.533,4
971,15,26.059,2
971,131,28.569,4
971,210,25.02,2
972,1,33.002,2
972,3,29.878,3
972,4,30.28,1
972,5,29.982,2
972,6,30.124,2
972,9,29.567,1
972,10,30.06,2
972,15,31.239,4
972,131,29.548,2
972,210,36.559,1
973,1,22.878,4
973,3,26.028,5
973,4,23.105,5
973,5,22.18,4
973,6,22.403,2
973,9,21.864,2
973,10,23.362,4
973,15,23.072,3
973,131,21.652,3
973,210,23.415,5
974,1,25.097,3
974,3,25.354,4
974,4,25.472,1
974,5,24.416,2
974,6,24.569,2
974,9,25.068,3
974,10,27.543,6
974,15,25.381,2
974,131,24.232,2
974,210,25.226,3
975,1,23.396,2
975,3,22.79,1
975,4,25.594,2
975,5,62.231,2
975,6,25.55,4
975,9,23.309,1
975,10,23.319,2
975,15,33.335,3
975,131,23.004,2
975,210,30.062,2
976,1,388.666,7
976,3,449.64,6
976,4,450.181,3
976,5,449.9,3
976,6,376.554,8
976,9,343.009,4
976,10,378.315,8
976,15,348.908,8
976,131,344.825,8
976,210,342.912,8
977,1,18.96,2
977,3,21.154,2
977,4,22.105,2
977,5,23.42,4
977,6,21.706,2
977,9,21.713,1
977,10,22.103,2
977,15,22.376,2
977,131,21.574,2
977,210,22.026,1
978,1,28.803,2
978,3,28.589,3
978,4,30.841,1
978,5,32.354,3
978,6,30.275,4
978,9,28.371,3
978,10,29.068,2
978,15,29.969,4
978,131,27.796,2
978,210,28.486,3
979,1,25.508,2
979,3,22.102,2
979,4,27.272,2
979,5,22.509,2
979,6,22.118,2
979,9,33.605,1
979,10,23.229,2
979,15,24.122,4
979,131,22.01,2
979,210,22.661,2
980,1,25.746,3
980,3,23.391,4
980,4,24.48,4
980,5,23.562,4
980,6,24.792,5
980,9,23.04,2
980,10,25.778,6
980,15,23.671,3
980,131,22.569,4
980,210,23.031,5
981,1,24.442,1
981,3,25.604,2
981,4,27.713,2
981,5,25.346,2
981,6,24.837,2
981,9,29.337,3
981,10,24.904,2
981,15,25.261,2
981,131,23.726,2
981,210,27.375,3
982,1,30.126,8
982,3,30.608,10
982,4,32.03,11
982,5,28.669,7
982,9,27.655,5
982,10,28.478,11
982,15,35.731,12
982,131,27.243,8
982,210,30.118,10
983,1,25.189,2
983,3,23.95,2
983,4,25.381,3
983,5,25.044,1
983,6,23.695,1
983,9,23.926,2
983,10,24.385,2
983,15,24.89,2
983,131,23.582,2
983,210,24.366,3
984,1,23.822,3
984,3,23.056,3
984,4,24.408,2
984,5,23.879,2
984,6,23.699,1
984,9,23.208,2
984,10,23.856,2
984,15,24.765,3
984,131,22.8,2
984,210,22.923,2
985,1,23.687,2
985,3,24.406,3
985,4,24.525,1
985,5,24.504,3
985,6,23.832,3
985,9,23.784,3
985,10,24.414,2
985,15,28.588,2
985,131,23.372,3
985,210,25.092,3
986,1,25.35,2
986,3,21.94,2
986,4,22.825,3
986,5,22.709,1
986,6,25.652,3
986,9,22.57,1
986,10,22.699,3
986,15,23.047,2
986,131,24.785,3
986,210,24.768,3
987,1,19.329,4
987,3,20.175,9
987,4,19.911,8
987,5,20.148,8
987,6,19.552,8
987,9,20.674,9
987,10,19.368,4
987,15,20.74,7
987,131,19.732,8
987,210,24.4,4
988,1,22.333,2
988,3,21.628,4
988,4,25.84,2
988,5,21.558,2
988,6,21.415,2
988,9,22.373,2
988,10,21.867,2
988,15,22.568,2
988,131,21.376,2
988,210,21.862,2
989,1,22.524,2
989,3,23.45,2
989,4,23.248,2
989,5,22.254,2
989,6,21.604,2
989,9,21.196,2
989,10,22.09,2
989,15,22.539,2
989,131,21.742,2
989,210,22.518,2
990,1,24.946,4
990,3,27.154,4
990,4,24.978,4
990,5,27.848,4
990,6,24.771,2
990,9,30.381,1
990,10,24.746,4
990,15,25.299,3
990,131,25.204,2
990,210,25.307,5
991,1,23.92,2
991,3,23.033,3
991,4,23.501,4
991,5,26.46,4
991,6,22.961,2
991,9,22.761,4
991,10,22.777,4
991,15,23.088,2
991,131,22.28,2
991,210,23.23,3
992,1,26.968,6
992,3,20.486,2
992,4,21.242,2
992,5,21.065,5
992,6,23.005,4
992,9,19.845,2
992,10,27.142,2
992,15,26.7,6
992,131,20.633,3
992,210,25.467,4
993,1,24.568,2
993,3,22.325,4
993,4,22.409,1
993,5,22.552,2
993,6,23.164,2
993,9,21.679,2
993,10,30.863,3
993,15,22.048,2
993,131,22.649,2
993,210,22.917,1
994,1,25.499,3
994,3,28.731,6
994,4,25.044,2
994,5,24.311,2
994,6,24.114,2
994,9,24.327,2
994,10,27.021,2
994,15,24.08,2
994,131,23.88,2
994,210,24.515,3
995,1,29.215,3
995,3,23.531,1
995,4,24.468,2
995,5,24.107,1
995,6,23.587,2
995,9,23.208,2
995,10,24.386,3
995,15,23.598,2
995,131,23.555,2
995,210,24.204,2
996,1,24.992,3
996,3,26.425,2
996,4,25.219,2
996,5,24.297,1
996,6,29.31,3
996,9,24.352,2
996,15,24.66,2
996,131,27.644,3
996,210,27.708,2
997,1,30.224,3
997,3,23.103,4
997,4,24.796,2
997,5,22.011,1
997,6,22.732,2
997,9,21.474,3
997,10,22.695,2
997,15,21.441,2
997,131,21.112,2
997,210,22.13,2
998,1,28.424,4
998,3,27.999,2
998,4,28.624,3
998,5,29.221,2
998,6,31.102,4
998,9,28.163,4
998,10,28.966,3
998,15,28.036,2
998,131,28.438,2
998,210,28.852,2
999,1,20.08,5
999,3,21.222,4
999,4,20.246,6
999,5,19.653,4
999,6,19.431,3
999,9,19.375,3
999,10,22.35,2
999,15,19.99,4
999,131,23.815,3
999,210,24.164,6
1000,1,21.764,2
1000,3,21.4,2
1000,4,22.177,3
1000,5,21.758,2
1000,6,23.137,3
1000,9,21.364,1
1000,10,22.41,2
1000,15,22.64,1
1000,131,21.408,2
1000,210,23.43,2
1001,1,21.981,3
1001,3,21.191,4
1001,4,21.183,2
1001,5,22.622,4
1001,6,25.913,4
1001,9,21.142,2
1001,10,21.408,4
1001,15,21.134,2
1001,131,23.003,5
1001,210,21.963,4
1002,1,24.094,1
1002,3,25.842,2
1002,4,25.155,3
1002,5,27.792,1
1002,6,26.794,3
1002,9,24.404,2
1002,10,25.241,2
1002,15,26.55,3
1002,131,23.746,2
1002,210,31.671,2
1003,1,30.078,2
1003,3,31.089,3
1003,4,30.712,2
1003,5,29.436,3
1003,6,29.118,2
1003,9,29.23,2
1003,10,28.293,3
1003,15,29.085,2
1003,131,28.744,2
1003,210,29.74,4
1004,1,29.992,2
1004,3,29.589,2
1004,4,30.323,2
1004,5,29.418,1
1004,6,29.664,2
1004,9,33.408,2
1004,10,30.283,2
1004,15,30.198,3
1004,131,29.672,2
1004,210,30.187,2
1005,1,25.306,2
1005,3,25.192,4
1005,4,23.516,2
1005,5,23.243,2
1005,6,22.764,2
1005,9,25.827,2
1005,10,23.476,2
1005,15,29.602,3
1005,131,22.696,2
1005,210,26.35,2
1006,1,24.13,2
1006,3,26.271,5
1006,4,27.0,2
1006,5,23.968,3
1006,6,24.082,2
1006,9,23.446,1
1006,10,25.128,2
1006,15,29.376,2
1006,131,23.695,3
1006,210,29.414,2
1007,1,22.174,1
1007,3,23.518,3
1007,4,22.848,2
1007,5,22.808,4
1007,6,22.151,3
1007,9,22.095,3
1007,10,24.772,3
1007,15,26.997,2
1007,131,22.634,5
1007,210,22.85,3
1008,1,26.472,3
1008,3,24.055,3
1008,4,23.854,2
1008,5,23.59,2
1008,6,22.667,3
1008,9,23.366,2
1008,10,27.31,3
1008,15,23.485,2
1008,131,22.774,3
1008,210,23.259,2
1009,1,22.022,2
1009,3,22.472,2
1009,4,21.964,1
1009,5,31.752,2
1009,6,22.63,1
1009,9,21.059,2
1009,10,22.045,2
1009,15,21.828,1
1009,131,21.391,3
1009,210,21.97,2
1010,1,21.627,1
1010,3,24.092,5
1010,4,27.308,2
1010,5,21.933,2
1010,6,22.15,2
1010,9,21.213,2
1010,51,25.236,2
1010,131,21.764,2
1010,210,26.184,2
1010,211,22.852,2
1011,1,28.891,5
1011,3,24.631,4
1011,4,25.476,3
1011,5,26.942,4
1011,6,26.302,5
1011,9,25.742,4
1011,51,25.968,4
1011,131,24.469,4
1011,210,27.671,3
1011,211,28.718,4
1012,1,35.062,5
1012,3,26.975,3
1012,4,23.806,2
1012,5,27.432,4
1012,6,23.053,4
1012,9,22.604,5
1012,51,24.736,3
1012,131,23.13,4
1012,210,23.532,4
1012,211,23.571,3
1013,1,20.551,3
1013,3,19.607,5
1013,4,21.026,3
1013,5,20.867,2
1013,6,20.073,3
1013,9,20.973,1
1013,51,21.088,2
1013,131,19.999,2
1013,210,20.628,3
1013,211,22.019,2
1014,1,21.531,3
1014,3,22.096,4
1014,4,22.425,3
1014,5,29.202,4
1014,6,22.668,4
1014,9,22.404,4
1014,51,22.695,4
1014,131,22.207,4
1014,210,22.532,4
1014,211,22.999,3
1015,1,24.41,2
1015,3,25.056,2
1015,4,24.9,2
1015,5,24.542,2
1015,6,25.384,3
1015,9,24.01,3
1015,51,30.975,2
1015,131,24.691,3
1015,210,24.819,2
1015,211,26.527,2
1016,1,24.727,1
1016,3,24.005,3
1016,4,23.978,2
1016,5,30.888,2
1016,6,23.757,2
1016,9,23.456,2
1016,51,24.631,3
1016,131,23.704,3
1016,210,24.226,2
1016,211,23.902,2
1017,1,30.248,2
1017,3,33.079,3
1017,4,30.958,2
1017,5,30.256,2
1017,6,30.238,3
1017,9,30.173,2
1017,51,30.838,3
1017,131,30.299,2
1017,210,30.834,2
1017,211,34.068,2
1018,1,21.406,2
1018,3,22.148,2
1018,4,22.145,2
1018,5,23.158,2
1018,6,23.122,3
1018,9,21.675,2
1018,51,21.69,2
1018,131,26.31,2
1018,210,21.01,4
1018,211,22.156,2
1019,1,28.058,3
1019,3,29.47,2
1019,4,28.574,3
1019,5,29.047,3
1019,6,30.849,4
1019,9,27.894,3
1019,51,28.364,1
1019,131,28.525,3
1019,210,33.165,2
1019,211,31.303,5
1020,1,21.136,5
1020,3,20.849,10
1020,4,21.024,4
1020,5,21.662,8
1020,6,20.818,8
1020,9,21.329,9
1020,51,22.902,8
1020,131,26.376,10
1020,210,21.667,11
1020,211,21.308,5
1021,1,23.949,2
1021,3,21.544,2
1021,4,22.116,2
1021,5,23.339,2
1021,6,23.197,2
1021,9,21.658,3
1021,51,22.712,2
1021,131,24.836,4
1021,210,21.826,2
1021,211,21.85,3
1022,1,41.236,2
1022,3,23.344,2
1022,4,24.698,3
1022,5,22.803,2
1022,6,22.699,3
1022,9,22.506,1
1022,51,28.496,4
1022,131,23.038,2
1022,210,22.748,2
1022,211,23.719,3
1023,1,25.66,2
1023,3,26.633,3
1023,4,24.206,2
1023,5,24.421,2
1023,6,28.126,4
1023,9,28.448,3
1023,51,27.553,3
1023,131,23.781,3
1023,210,25.245,4
1023,211,22.866,3
1024,1,30.51,2
1024,3,32.702,3
1024,4,29.824,3
1024,5,31.997,3
1024,6,29.276,2
1024,9,28.726,2
1024,51,29.341,3
1024,131,29.082,2
1024,210,33.338,4
1024,211,31.803,4
1025,1,29.696,2
1025,3,30.207,3
1025,4,33.36,3
1025,5,30.086,3
1025,6,29.603,3
1025,9,29.916,2
1025,51,32.492,4
1025,131,29.594,2
1025,210,30.509,1
1025,211,30.22,2
1026,1,24.257,3
1026,3,24.499,3
1026,4,23.712,2
1026,5,23.236,2
1026,6,24.921,5
1026,9,23.328,2
1026,51,23.599,4
1026,131,23.332,4
1026,210,23.869,3
1026,211,23.158,3
1027,1,22.21,2
1027,3,23.354,3
1027,4,22.414,2
1027,5,22.458,4
1027,6,23.217,3
1027,9,22.896,3
1027,51,29.709,3
1027,131,22.224,2
1027,210,23.606,2
1027,211,22.551,2
1028,1,25.079,3
1028,3,25.538,3
1028,4,23.893,3
1028,5,24.933,4
1028,6,26.501,2
1028,9,25.636,5
1028,51,24.666,4
1028,131,23.971,3
1028,210,24.748,3
1028,211,24.656,3
1029,1,23.169,3
1029,3,24.186,7
1029,4,25.988,5
1029,5,23.161,4
1029,6,23.046,4
1029,9,22.842,5
1029,51,23.496,4
1029,131,23.078,5
1029,210,23.654,4
1029,211,23.602,4
1030,1,22.123,3
1030,3,21.98,2
1030,4,21.702,3
1030,5,21.496,1
1030,6,22.65,4
1030,9,21.526,2
1030,51,22.192,3
1030,131,21.662,2
1030,210,21.749,2
1030,211,24.283,3
1031,1,21.57,6
1031,3,21.22,4
1031,4,20.654,2
1031,6,21.296,6
1031,9,20.052,3
1031,51,22.187,5
1031,131,19.14,4
1031,210,23.28,1
1031,211,19.464,2
1031,213,21.285,5
1032,1,23.421,3
1032,3,22.221,2
1032,4,21.603,1
1032,6,39.715,1
1032,9,21.178,3
1032,51,21.563,2
1032,131,21.553,2
1032,210,22.21,2
1032,211,22.44,2
1032,213,22.142,3
1033,1,23.831,4
1033,3,24.808,8
1033,4,22.534,4
1033,6,23.749,4
1033,9,22.004,4
1033,51,23.325,5
1033,131,22.022,6
1033,210,23.106,2
1033,211,22.597,5
1033,213,22.998,3
1034,1,31.685,3
1034,3,30.336,2
1034,4,30.164,2
1034,6,29.48,2
1034,9,29.656,4
1034,51,36.343,3
1034,131,30.993,3
1034,210,33.816,1
1034,211,28.716,1
1034,213,29.414,1
1035,1,30.365,4
1035,3,28.541,6
1035,4,28.226,4
1035,6,28.646,3
1035,9,28.594,4
1035,51,28.294,3
1035,131,28.601,4
1035,210,29.376,4
1035,211,28.462,5
1035,213,28.266,4
1036,1,22.026,4
1036,3,22.348,4
1036,4,22.102,2
1036,6,22.047,2
1036,9,21.65,4
1036,51,22.137,4
1036,131,22.458,5
1036,210,23.79,3
1036,211,22.46,3
1036,213,22.438,4
1037,1,23.046,1
1037,3,23.504,2
1037,4,23.946,2
1037,6,26.253,3
1037,9,23.026,2
1037,51,22.96,1
1037,131,24.423,2
1037,210,24.71,3
1037,211,23.432,2
1037,213,23.225,2
1038,1,773.347,4
1038,3,775.663,4
1038,4,774.412,4
1038,6,24.344,1
1038,9,776.713,4
1038,51,624.548,5
1038,131,623.97,5
1038,210,532.067,3
1038,211,1022.997,3
1038,213,773.508,4
1039,1,561.057,5
1039,3,556.337,5
1039,4,470.243,6
1039,6,509.005,11
1039,9,560.791,5
1039,51,456.895,6
1039,131,560.267,10
1039,210,541.003,5
1039,211,535.616,8
1039,213,559.912,5
1040,1,34.238,2
1040,3,29.784,4
1040,4,30.09,2
1040,6,29.828,2
1040,9,29.69,3
1040,51,31.542,2
1040,131,35.551,2
1040,210,30.077,3
1040,211,29.602,1
1040,213,29.614,3
1041,1,22.378,3
1041,3,23.765,3
1041,4,22.344,2
1041,6,23.163,4
1041,9,22.745,3
1041,51,25.284,4
1041,131,23.263,3
1041,210,23.255,3
1041,211,22.72,4
1041,213,24.724,4
1042,1,29.952,3
1042,3,29.865,2
1042,4,27.767,2
1042,6,26.803,2
1042,9,26.188,3
1042,51,27.767,2
1042,131,26.837,2
1042,210,27.142,2
1042,211,31.652,4
1042,213,29.119,3
1043,1,30.112,4
1043,3,29.8,2
1043,4,30.382,2
1043,6,33.558,3
1043,9,29.583,3
1043,51,29.804,2
1043,131,30.259,4
1043,210,30.776,3
1043,211,32.785,5
1043,213,30.043,2
1044,1,23.454,4
1044,3,26.729,4
1044,4,23.968,4
1044,6,24.346,4
1044,9,22.931,5
1044,51,27.683,4
1044,131,23.37,3
1044,210,59.156,4
1044,211,24.181,3
1044,213,23.458,3
1045,1,401.758,6
1045,3,403.456,6
1045,4,403.239,6
1045,6,401.928,6
1045,9,349.948,7
1045,51,403.829,6
1045,131,349.419,7
1045,210,311.751,4
1045,211,591.618,4
1045,213,481.867,5
1046,1,24.536,4
1046,3,28.719,4
1046,4,24.528,3
1046,6,26.368,3
1046,9,23.76,2
1046,51,25.393,5
1046,131,29.976,6
1046,210,26.159,5
1046,211,24.468,3
1046,213,24.497,4
1047,1,21.99,2
1047,3,21.942,3
1047,4,21.869,2
1047,6,22.109,2
1047,9,21.398,2
1047,51,21.746,2
1047,131,21.996,2
1047,210,24.772,5
1047,211,22.036,1
1047,213,23.862,2
1051,1,25.811,3
1051,3,28.979,3
1051,6,25.719,2
1051,9,25.356,5
1051,51,25.785,4
1051,117,25.941,2
1051,131,28.986,3
1051,210,26.198,2
1051,213,26.018,4
1051,214,25.754,2
1052,1,24.97,4
1052,3,24.724,4
1052,6,24.449,4
1052,9,24.181,5
1052,51,26.094,4
1052,117,25.012,3
1052,131,26.128,5
1052,210,25.57,2
1052,213,27.402,5
1052,214,24.711,4
1053,1,806.194,4
1053,3,29.983,1
1053,6,813.388,4
1053,9,819.234,4
1053,51,457.791,7
1053,117,399.462,8
1053,131,332.216,5
1053,210,406.84,8
1053,213,451.19,7
1053,214,400.595,8
1054,1,23.978,6
1054,3,23.904,6
1054,6,23.526,6
1054,9,24.069,7
1054,51,23.961,3
1054,117,23.373,6
1054,131,24.065,7
1054,210,23.952,7
1054,213,23.476,6
1054,214,23.344,6
1055,1,22.125,4
1055,3,23.247,5
1055,6,21.885,4
1055,9,22.221,4
1055,51,33.039,3
1055,117,22.062,4
1055,131,22.062,4
1055,210,22.979,4
1055,213,27.054,2
1055,214,22.773,3
1056,1,24.294,2
1056,3,23.816,2
1056,6,24.15,1
1056,9,24.147,2
1056,51,24.299,2
1056,117,23.922,2
1056,131,24.014,2
1056,210,25.0,2
1056,213,24.429,2
1056,214,23.869,2
1057,1,682.841,6
1057,3,694.656,6
1057,6,680.896,6
1057,9,513.846,4
1057,51,589.193,7
1057,117,678.401,3
1057,131,685.959,6
1057,210,376.543,11
1057,213,679.299,6
1057,214,517.527,4
1058,1,21.551,2
1058,3,32.999,4
1058,6,23.845,3
1058,9,21.791,3
1058,51,21.218,2
1058,117,21.241,2
1058,131,21.537,3
1058,210,22.58,2
1058,213,21.234,1
1058,214,21.184,2
1059,1,30.241,2
1059,3,29.934,2
1059,6,30.9,3
1059,9,29.869,3
1059,51,30.956,2
1059,117,31.032,2
1059,131,30.418,2
1059,210,31.22,2
1059,213,30.504,2
1059,214,30.748,2
1060,1,23.812,2
1060,3,21.379,2
1060,6,21.287,2
1060,9,21.354,3
1060,51,23.382,3
1060,117,21.197,4
1060,131,21.166,3
1060,210,22.327,3
1060,213,22.791,4
1060,214,22.663,1
1061,1,1041.006,4
1061,3,1051.266,4
1061,6,1043.199,4
1061,9,540.307,4
1061,51,1047.37,4
1061,117,1044.86,4
1061,131,1041.5,4
1061,210,1052.819,4
1061,213,845.788,5
1061,214,1046.022,4
1062,1,387.877,4
1062,3,504.211,6
1062,6,505.755,3
1062,9,311.212,5
1062,51,346.868,9
1062,117,505.158,3
1062,131,378.428,4
1062,210,599.421,5
1062,213,436.64,7
1062,214,504.163,6
1064,1,19.946,2
1064,3,21.604,3
1064,6,19.908,2
1064,9,18.89,4
1064,51,19.6,3
1064,117,18.911,3
1064,131,19.689,5
1064,210,26.717,3
1064,213,19.507,2
1064,214,19.129,2
1065,1,23.99,2
1065,3,24.162,2
1065,6,24.42,2
1065,9,28.181,2
1065,51,30.747,3
1065,117,25.31,3
1065,131,24.964,2
1065,210,26.341,4
1065,214,27.565,2
1066,1,31.782,4
1066,3,30.934,3
1066,6,31.472,4
1066,9,32.234,4
1066,51,31.069,4
1066,117,33.684,4
1066,131,29.857,4
1066,210,31.351,3
1066,213,30.667,5
1066,214,31.006,4
1067,1,23.133,2
1067,3,23.828,2
1067,6,26.0,2
1067,9,22.452,2
1067,51,23.157,2
1067,117,27.508,3
1067,131,22.823,2
1067,210,23.86,2
1067,213,26.319,2
1067,214,29.116,1
1069,1,24.536,4
1069,3,26.204,4
1069,6,24.524,4
1069,9,24.1,4
1069,51,23.944,4
1069,117,24.027,4
1069,131,24.055,4
1069,210,25.599,5
1069,213,23.692,3
1069,214,27.091,5
1070,1,27.825,3
1070,3,22.801,3
1070,6,22.058,2
1070,9,22.011,2
1070,51,22.314,2
1070,117,23.973,3
1070,131,25.125,5
1070,210,24.366,2
1070,213,22.549,1
1070,214,23.542,2
1071,1,20.876,8
1071,3,20.996,8
1071,6,20.543,8
1071,9,20.71,9
1071,51,20.673,8
1071,117,20.618,7
1071,131,20.472,8
1071,210,23.482,8
1071,213,22.836,9
1071,214,20.073,6
1072,1,847.835,5
1072,3,638.133,5
1072,6,843.404,5
1072,9,776.824,4
1072,51,848.401,5
1072,117,852.427,5
1072,131,701.699,6
1072,210,1019.226,1
1072,213,845.797,5
1072,214,708.099,6
1073,1,21.764,4
1073,3,21.241,1
1073,6,21.949,3
1073,9,21.458,6
1073,51,22.31,2
1073,117,22.057,3
1073,131,21.632,2
1073,210,22.097,2
1073,213,22.104,4
1073,214,21.49,2
1074,1,25.308,6
1074,3,24.899,6
1074,6,24.591,6
1074,9,24.734,6
1074,51,25.934,6
1074,117,26.26,6
1074,131,25.562,6
1074,210,25.641,5
1074,213,25.017,5
1074,214,25.815,6
1075,1,20.516,2
1075,3,20.683,1
1075,6,21.28,2
1075,9,20.606,2
1075,51,23.527,4
1075,117,21.882,2
1075,131,21.602,2
1075,210,22.374,1
1075,213,22.82,1
1075,214,21.342,2
1076,1,17.853,2
1076,3,18.778,3
1076,6,17.973,1
1076,9,17.858,2
1076,51,18.396,2
1076,117,19.068,3
1076,131,18.178,2
1076,210,19.075,2
1076,213,18.684,2
1076,214,18.773,3
1077,1,30.752,4
1077,3,30.959,2
1077,6,32.799,3
1077,9,29.984,4
1077,51,36.58,2
1077,117,31.576,2
1077,131,31.91,2
1077,210,32.023,3
1077,213,30.388,2
1077,214,31.409,1
1078,1,19.583,3
1078,3,19.622,2
1078,6,20.88,2
1078,9,18.583,3
1078,51,19.614,1
1078,117,19.468,2
1078,131,18.928,2
1078,210,23.307,4
1078,213,19.26,4
1078,214,20.328,2
1079,1,22.35,6
1079,3,23.01,7
1079,6,22.076,4
1079,9,21.904,6
1079,51,22.879,3
1079,117,23.006,5
1079,131,23.735,6
1079,210,25.055,4
1079,213,23.332,6
1079,214,22.803,6
1080,1,408.666,6
1080,3,360.9,7
1080,6,486.005,5
1080,9,408.42,6
1080,51,603.098,4
1080,117,354.241,7
1080,131,487.696,5
1080,210,32.246,2
1080,213,354.931,7
1080,214,604.486,4
1081,1,21.618,2
1081,3,24.645,4
1081,6,23.212,1
1081,9,21.98,4
1081,51,21.99,2
1081,117,21.154,2
1081,131,20.842,4
1081,210,23.586,3
1081,213,29.094,3
1081,214,21.604,2
1082,1,29.984,4
1082,3,25.347,4
1082,6,25.098,3
1082,9,23.96,2
1082,51,24.783,3
1082,117,24.113,3
1082,131,23.926,4
1082,210,38.262,1
1082,213,23.467,4
1082,214,24.637,4
1083,1,893.477,7
1083,3,1036.39,3
1083,6,1230.785,5
1083,9,889.279,7
1083,51,3055.732,1
1083,117,1042.186,6
1083,131,1035.24,3
1083,210,1243.648,5
1083,213,1230.93,5
1083,214,1218.875,5
1084,1,23.313,4
1084,3,21.838,4
1084,6,21.441,5
1084,9,22.116,4
1084,51,24.63,4
1084,117,21.77,4
1084,131,26.414,4
1084,210,22.323,4
1084,213,23.4,4
1084,214,22.299,5
1085,1,36.902,2
1085,3,37.273,3
1085,6,41.875,2
1085,9,36.664,2
1085,51,40.402,4
1085,117,38.258,2
1085,131,37.733,2
1085,210,36.722,4
1085,213,36.808,2
1085,214,40.636,2
1086,1,22.125,4
1086,3,25.072,6
1086,6,22.313,5
1086,9,21.216,4
1086,51,24.27,3
1086,117,22.456,4
1086,131,22.075,4
1086,210,24.303,5
1086,213,21.777,5
1086,214,22.832,2
1087,1,23.207,4
1087,3,26.231,5
1087,6,23.203,5
1087,9,22.551,4
1087,51,23.554,2
1087,117,23.24,4
1087,131,22.901,2
1087,210,24.838,4
1087,213,24.927,4
1087,214,23.399,4
1088,1,19.413,8
1088,3,18.673,8
1088,6,20.301,7
1088,9,17.994,8
1088,51,20.014,6
1088,117,18.535,8
1088,131,18.972,6
1088,210,20.673,8
1088,213,22.969,7
1088,214,18.656,6
1089,1,25.554,3
1089,3,25.224,3
1089,6,23.881,5
1089,9,23.72,4
1089,51,25.062,2
1089,117,24.254,1
1089,131,24.49,3
1089,210,26.609,3
1089,213,24.43,3
1089,214,24.336,1
1091,1,30.737,2
1091,6,31.33,2
1091,9,29.577,3
1091,51,32.167,1
1091,117,29.784,2
1091,131,32.843,5
1091,210,34.443,4
1091,213,30.58,2
1092,1,214.494,4
1092,3,216.229,2
1092,6,207.936,2
1092,9,207.386,4
1092,51,178.251,5
1092,117,176.441,5
1092,131,212.837,4
1092,210,213.272,4
1092,213,135.705,7
1092,214,172.768,5
1093,1,24.592,4
1093,3,24.613,4
1093,6,24.034,2
1093,9,26.081,4
1093,51,25.785,3
1093,117,29.294,3
1093,131,25.398,5
1093,210,26.3,3
1093,213,24.879,4
1093,214,28.276,4
1094,1,22.432,2
1094,3,23.682,3
1094,6,22.831,2
1094,9,23.69,2
1094,51,24.04,2
1094,117,23.054,3
1094,131,23.036,3
1094,210,23.7,2
1094,213,25.818,2
1094,214,22.751,2
1095,1,27.004,2
1095,3,24.629,6
1095,6,24.814,6
1095,9,26.549,5
1095,51,24.492,4
1095,117,23.877,4
1095,131,23.624,4
1095,210,24.822,2
1095,213,23.394,6
1095,214,24.887,5
1096,1,21.895,3
1096,3,22.797,4
1096,6,21.905,3
1096,9,21.821,3
1096,51,22.722,3
1096,117,22.267,3
1096,131,24.481,3
1096,210,22.731,3
1096,213,21.903,3
1096,214,21.79,3
1098,1,32.556,6
1098,3,25.125,6
1098,6,24.429,4
1098,9,24.638,4
1098,51,26.456,5
1098,117,25.189,4
1098,131,25.21,4
1098,210,27.805,6
1098,213,25.142,5
1098,214,31.074,6
1099,1,27.443,3
1099,3,21.23,2
1099,6,20.393,2
1099,9,20.77,2
1099,51,21.698,5
1099,117,24.014,2
1099,131,20.965,2
1099,210,21.218,2
1099,213,21.265,2
1099,214,20.74,2
1100,1,1052.111,7
1100,3,300.133,6
1100,6,922.955,4
1100,9,919.048,8
1100,51,667.953,11
1100,117,1215.753,6
1100,131,921.251,5
1100,210,927.422,5
1100,213,677.385,8
1100,214,727.599,5
1101,1,20.624,2
1101,3,21.059,2
1101,6,21.548,2
1101,9,20.548,2
1101,51,21.645,4
1101,117,23.154,2
1101,131,20.724,3
1101,210,27.85,2
1101,213,20.497,1
1101,214,20.59,3
1102,1,23.148,2
1102,3,35.71,2
1102,6,22.173,2
1102,9,22.286,2
1102,51,22.977,2
1102,117,22.641,2
1102,131,22.242,2
1102,210,22.868,2
1102,213,22.938,2
1102,214,22.18,2
1104,1,27.981,3
1104,3,25.875,5
1104,6,25.864,4
1104,9,26.909,6
1104,51,27.265,3
1104,117,24.995,3
1104,131,27.42,3
1104,210,35.986,4
1104,213,29.123,2
1104,214,26.098,4
1105,1,25.576,5
1105,3,23.294,4
1105,6,22.369,4
1105,9,21.978,4
1105,51,23.527,4
1105,117,22.795,4
1105,131,22.409,4
1105,210,23.209,6
1105,213,22.171,4
1105,214,23.305,4
1106,1,24.424,4
1106,3,25.064,1
1106,6,24.238,2
1106,9,23.513,4
1106,51,25.236,3
1106,117,23.877,4
1106,131,45.677,3
1106,210,24.626,4
1106,213,24.979,4
1106,214,24.933,4
1107,1,21.924,7
1107,3,21.343,6
1107,6,22.089,6
1107,9,20.15,7
1107,51,22.44,6
1107,117,20.833,7
1107,131,21.34,6
1107,210,22.632,5
1107,213,22.008,7
1107,214,22.766,6
1108,1,28.546,2
1108,3,29.24,2
1108,6,28.639,3
1108,9,28.558,2
1108,51,30.48,4
1108,117,28.62,2
1108,131,29.312,2
1108,210,35.988,2
1108,213,28.403,4
1108,214,28.458,1
1109,1,21.543,4
1109,3,22.509,4
1109,6,23.327,4
1109,9,21.457,4
1109,51,24.355,4
1109,117,22.845,4
1109,131,21.816,4
1109,210,22.446,4
1109,213,22.878,4
1110,1,24.378,2
1110,3,23.793,6
1110,6,23.225,3
1110,9,23.073,4
1110,51,23.91,4
1110,117,24.093,3
1110,131,23.276,4
1110,210,24.255,4
1110,213,22.87,4
1110,214,24.029,3
1111,1,463.671,11
1111,3,630.919,4
1111,6,368.965,7
1111,9,430.608,12
1111,51,286.999,9
1111,117,423.958,12
1111,131,425.408,12
1111,210,457.114,11
1111,213,423.404,12
1111,214,462.697,11
1112,1,26.553,3
1112,3,24.658,2
1112,6,24.557,2
1112,9,24.024,2
1112,51,25.004,3
1112,117,25.232,2
1112,131,24.235,2
1112,210,24.962,4
1112,213,24.246,2
1112,214,25.437,3
1113,1,29.427,2
1113,3,38.622,4
1113,6,31.194,2
1113,9,29.338,2
1113,51,30.385,3
1113,117,41.689,2
1113,131,31.557,4
1113,210,33.35,3
1113,213,32.348,1
1113,214,30.778,2
1114,1,23.59,4
1114,3,42.815,5
1114,6,23.143,4
1114,9,439.765,6
1114,51,39.712,5
1114,117,23.94,3
1114,131,24.169,3
1114,210,23.638,5
1114,213,23.27,4
1114,214,24.996,4
1115,1,27.942,6
1115,3,29.158,5
1115,6,27.871,3
1115,9,30.047,6
1115,51,29.16,6
1115,117,28.606,6
1115,131,31.183,4
1115,210,30.794,6
1115,213,28.225,6
1115,214,30.096,6
1116,1,23.758,2
1116,3,24.864,4
1116,6,23.768,3
1116,9,24.181,4
1116,51,25.039,4
1116,117,24.572,4
1116,131,24.472,4
1116,210,25.173,4
1116,213,24.485,5
1116,214,24.39,2
1117,1,503.031,5
1117,3,625.831,4
1117,6,617.565,4
1117,9,417.978,3
1117,51,626.336,4
1117,117,626.237,4
1117,131,618.907,4
1117,210,422.204,3
1117,213,621.93,4
1117,214,824.874,3
1118,1,392.605,8
1118,3,374.296,4
1118,6,370.999,4
1118,9,368.346,8
1118,51,488.02,6
1118,117,369.002,8
1118,131,368.958,8
1118,210,375.893,4
1118,213,392.989,8
1118,214,332.787,9
1119,1,21.902,2
1119,3,21.304,2
1119,6,22.15,3
1119,9,25.794,4
1119,51,29.215,3
1119,117,24.328,4
1119,131,22.691,4
1119,210,22.772,4
1119,213,21.252,3
1119,214,22.013,2
1120,1,22.086,4
1120,3,22.023,4
1120,6,21.49,4
1120,9,21.414,4
1120,51,22.626,3
1120,117,21.959,4
1120,131,21.994,4
1120,210,22.217,4
1120,213,21.639,3
1120,214,22.91,3
1121,1,24.803,4
1121,3,27.087,5
1121,6,24.136,4
1121,9,24.588,4
1121,15,37.874,4
1121,117,24.714,4
1121,131,24.706,4
1121,210,27.231,5
1121,214,26.341,5
1121,215,24.723,4
1122,1,21.819,2
1122,3,22.684,2
1122,6,22.938,2
1122,9,21.402,2
1122,15,30.819,3
1122,117,22.129,1
1122,131,20.592,2
1122,210,21.248,2
1122,214,22.502,1
1122,215,42.529,2
1123,1,17.884,4
1123,3,17.75,2
1123,6,17.514,4
1123,9,17.667,2
1123,15,30.451,4
1123,117,18.008,4
1123,131,17.869,3
1123,210,18.229,4
1123,214,20.984,5
1123,215,18.018,4
1124,1,542.145,6
1124,3,414.576,4
1124,6,646.688,5
1124,9,540.937,6
1124,15,544.464,6
1124,117,468.928,7
1124,131,542.632,6
1124,210,647.866,5
1124,214,544.568,6
1124,215,543.799,3
1125,1,22.365,3
1125,3,23.196,4
1125,6,22.495,2
1125,9,22.281,4
1125,15,23.793,4
1125,117,34.814,7
1125,131,22.575,4
1125,210,23.76,4
1125,214,26.58,5
1125,215,22.715,3
1126,1,24.889,3
1126,3,22.669,3
1126,6,22.315,2
1126,9,22.093,3
1126,15,23.171,3
1126,117,22.681,3
1126,131,22.454,2
1126,210,25.853,5
1126,214,22.565,2
1126,215,22.346,2
1127,1,29.863,2
1127,3,32.772,5
1127,6,30.328,2
1127,9,30.042,2
1127,15,30.242,2
1127,117,30.438,4
1127,131,29.605,3
1127,210,30.526,2
1127,214,30.465,3
1127,215,29.848,2
1128,1,2361.592,2
1128,3,1599.125,3
1128,6,2342.549,2
1128,9,1198.242,2
1128,15,1207.268,4
1128,117,1206.35,4
1128,131,1589.655,3
1128,214,2381.893,1
1128,215,2381.694,2
1129,1,23.715,4
1129,3,24.778,2
1129,6,29.519,5
1129,9,26.684,4
1129,15,36.116,4
1129,117,24.861,4
1129,131,25.74,6
1129,210,26.085,7
1129,214,24.605,3
1129,215,26.576,3
1130,1,22.223,4
1130,3,22.512,4
1130,6,22.082,4
1130,9,21.8,5
1130,15,23.121,4
1130,117,22.447,4
1130,131,22.792,4
1130,210,24.392,4
1130,214,22.885,4
1130,215,22.237,5
1131,1,21.195,4
1131,3,23.977,5
1131,6,23.21,6
1131,9,23.852,5
1131,15,22.175,4
1131,117,24.124,5
1131,131,22.936,4
1131,210,21.88,4
1131,214,21.749,4
1131,215,21.822,4
1132,1,29.447,4
1132,3,31.599,4
1132,6,28.98,6
1132,9,29.386,6
1132,15,30.563,6
1132,117,29.38,4
1132,131,30.337,3
1132,210,29.967,4
1132,214,28.786,4
1132,215,29.602,4
1133,1,21.644,4
1133,3,22.113,5
1133,6,21.678,4
1133,9,21.474,4
1133,15,22.076,4
1133,117,22.464,4
1133,131,21.478,4
1133,210,22.29,4
1133,214,21.502,4
1133,215,21.31,3
1134,1,23.01,4
1134,3,23.446,4
1134,6,23.11,4
1134,9,22.826,5
1134,15,23.048,2
1134,117,23.042,2
1134,131,22.859,3
1134,210,23.483,3
1134,214,23.164,4
1134,215,22.808,3
1135,1,21.252,2
1135,3,21.435,3
1135,6,20.84,2
1135,9,21.86,2
1135,15,21.406,4
1135,117,21.367,2
1135,131,21.3,4
1135,210,21.511,2
1135,214,21.83,2
1135,215,21.024,3
1136,1,24.376,4
1136,3,24.974,2
1136,6,24.432,2
1136,9,25.276,4
1136,15,25.774,2
1136,117,24.765,5
1136,131,26.904,4
1136,210,33.708,3
1136,214,24.228,3
1136,215,30.317,1
1137,1,19.946,2
1137,3,20.441,2
1137,6,21.077,2
1137,9,20.833,3
1137,15,20.282,2
1137,117,20.47,3
1137,131,20.622,2
1137,210,21.446,2
1137,214,20.446,2
1137,215,21.453,2
1138,1,29.122,2
1138,3,29.449,2
1138,6,29.214,2
1138,9,29.322,2
1138,15,29.892,2
1138,117,29.534,2
1138,131,29.005,2
1138,210,30.269,3
1138,214,30.555,2
1138,215,29.674,4
1139,1,23.919,2
1139,3,27.782,3
1139,6,23.89,2
1139,9,23.904,2
1139,15,24.587,3
1139,117,25.323,2
1139,131,29.327,1
1139,210,24.184,3
1139,214,26.186,3
1139,215,24.016,2
1140,1,21.968,2
1140,3,23.895,1
1140,6,22.6,3
1140,9,28.888,4
1140,15,22.72,2
1140,117,22.592,1
1140,131,22.5,2
1140,210,23.205,2
1140,214,23.224,2
1140,215,26.442,2
1141,1,721.612,4
1141,3,25.263,2
1141,6,723.853,4
1141,9,953.737,3
1141,15,565.221,5
1141,117,723.99,2
1141,131,723.111,4
1141,210,314.687,5
1141,214,1408.14,2
1141,215,723.838,4
1142,1,22.347,5
1142,3,21.468,3
1142,6,21.21,4
1142,9,21.32,4
1142,15,22.291,4
1142,117,24.816,4
1142,131,21.117,4
1142,210,21.725,3
1142,214,20.242,4
1142,215,21.017,4
1143,1,28.349,7
1143,3,32.031,4
1143,6,29.399,6
1143,9,25.857,6
1143,15,28.879,6
1143,117,32.298,5
1143,131,28.478,8
1143,210,29.629,7
1143,214,27.332,3
1143,215,30.761,8
1144,1,25.877,3
1144,3,23.503,2
1144,6,21.574,2
1144,9,32.652,1
1144,15,30.978,3
1144,117,22.77,4
1144,131,21.675,2
1144,210,22.895,5
1144,214,22.069,2
1144,215,25.042,4
